{
    "rmse": 0.7054248739268357,
    "mae": 0.49762425275469213,
    "r2": 0.2601483009891582
}